{
  "train_loss": [
    0.6223552767932415,
    0.6083311280608177
  ],
  "train_iou": [
    0.5951089919700462,
    0.6178713013274955
  ],
  "train_f1": [
    0.779011082715326,
    0.7909289020905811
  ],
  "train_ious": [
    [
      0.3796264532057184,
      0.5177824090528006,
      0.6539838672440033,
      0.6228049438383003,
      0.7590643656888374,
      0.5708254488178999,
      0.5191039477407208,
      0.6466108302274514,
      0.6820879047730879,
      0.42587097537308216,
      0.5903311007020255,
      0.7732156569766274
    ],
    [
      0.4037826807131158,
      0.5323769308670799,
      0.6676097478300289,
      0.6396850648915244,
      0.7672281760876072,
      0.5914099236626534,
      0.5421191387656794,
      0.6903423475419763,
      0.7144807449646571,
      0.44724123134869936,
      0.6062460092055063,
      0.8119336200514173
    ]
  ],
  "train_f1s": [
    [
      0.5503317523873847,
      0.6822875619398606,
      0.7907978629062331,
      0.7675654927270608,
      0.8630314400537541,
      0.7267835602599599,
      0.6834339006060127,
      0.7853834305034015,
      0.811001002484199,
      0.5973480446245523,
      0.7423997575387512,
      0.87210510558611
    ],
    [
      0.5752775621869564,
      0.6948375912637853,
      0.8006781344342897,
      0.7802530726066695,
      0.8682837281848421,
      0.743252278394167,
      0.703082841932567,
      0.8168072379395244,
      0.8334655509530661,
      0.6180598783772147,
      0.754860232408801,
      0.8962063049691457
    ]
  ],
  "val_loss": [
    0.6123953819274902,
    0.6160903191566467
  ],
  "val_iou": [
    0.607876728845758,
    0.6079938658863345
  ],
  "val_f1": [
    0.7845718094793667,
    0.7840644906328145
  ],
  "val_ious": [
    [
      0.37120446380892097,
      0.5300364997662471,
      0.6801738362492853,
      0.626473434531131,
      0.7685050479448119,
      0.5601145026378358,
      0.5064520244660025,
      0.7764082282926918,
      0.5741016157934526,
      0.39267516166524313,
      0.6951266384659222,
      0.8132492925275527
    ],
    [
      0.3954956022817827,
      0.5182213926204602,
      0.6975251283873862,
      0.6127919676400532,
      0.7678713162157638,
      0.5428933612830998,
      0.47551037988428924,
      0.748581261735196,
      0.5764550363358573,
      0.43756958905978266,
      0.7071139604426351,
      0.8158973947497078
    ]
  ],
  "val_f1s": [
    [
      0.541427848563739,
      0.6928411428741649,
      0.8096464802917097,
      0.7703452323692176,
      0.8691008343570102,
      0.7180423130686412,
      0.6723767390388772,
      0.8741321637969686,
      0.7294335178876231,
      0.5639144412611896,
      0.8201466479417138,
      0.8970072042812588
    ],
    [
      0.5668169182554845,
      0.6826685694850992,
      0.8218137008917481,
      0.7599139613185847,
      0.8686954391266557,
      0.7037336335753835,
      0.6445363224026339,
      0.8562150825914547,
      0.7313302901974748,
      0.60876250607888,
      0.8284315521187459,
      0.898615685160367
    ]
  ],
  "epoch_time": [
    794.0093125,
    411.1218125
  ]
}